coupe_ID,folder_directory,filename,clip_length,survey_date,observation_time,n_obs,observation,species,notices_drone,changes_behaviour,behaviour_1,behaviour_2,behaviour_3,time_looking,description,comments
Coupe 035-016-0110,spatial\Fieldmaster\Coupe20035-016-0110\Media\DJI_202309192158_052,DJI_20230919221836_0002_Z.MP4,31,19/9/2023,22:18,1,1,Sugar Glider,Y,N,idle_looking_at_camera,,,2,,Species unsure? time_looking = staring?
Coupe 035-016-0157,spatial\Fieldmaster\Coupe20035-016-0157\Media\DJI_202309181911_048,DJI_20230918201237_0004_S.MP4,,18/9/2023,20:12,2,1,Brushtail Possum,N,N,idle_looking_away,,,,,
Coupe 035-016-0157,spatial\Fieldmaster\Coupe20035-016-0157\Media\DJI_202309181911_048,DJI_20230918201237_0004_S.MP4,,18/9/2023,20:12,2,2,Brushtail Possum,N,N,idle_looking_away,,,,,
Coupe 035-016-0157,spatial\Fieldmaster\Coupe20035-016-0157\Media\DJI_202309181911_048,DJI_20230918201311_0005_Z.MP4,,18/9/2023,20:13,1,1,Brushtail Possum,N,N,idle_looking_away,,,,,
Coupe 035-016-0157,spatial\Fieldmaster\Coupe20035-016-0157\Media\DJI_202309181911_048,DJI_20230918201441_0007_Z.MP4,,18/9/2023,20:14,1,1,Sugar Glider,N,N,feeding,,,,,
Coupe 035-016-0157,spatial\Fieldmaster\Coupe20035-016-0157\Media\DJI_202309181911_048,DJI_20230918202014_0009_Z.MP4,,18/9/2023,20:20,2,1,Sugar Glider,Y,N,moving,,,,,
Coupe 035-016-0157,spatial\Fieldmaster\Coupe20035-016-0157\Media\DJI_202309181911_048,DJI_20230918202014_0009_Z.MP4,,18/9/2023,20:20,2,2,Sugar Glider,N,N,idle_looking_away,,,,,
Coupe 035-016-0157,spatial\Fieldmaster\Coupe20035-016-0157\Media\DJI_202309181911_048,DJI_20230918205018_0012_Z.MP4,,18/9/2023,20:50,1,1,Austalian Magpie,N,N,idle_looking_away,,,,,
Coupe 035-016-0157,spatial/Fieldmaster/Coupe20035-016-0157/Media/DJI_202309251947_055,DJI_20230925212805_0011_Z,,25/9/2023,21:28,1,1,Brushtail Possum,N,N,idle_looking_away,,,,,
Coupe 146_009_0009,spatial/Fieldmaster/Coupe 146_009_0009/Media,DJI_20230830184619_0001_S.MP4,,30/8/2023,18:45,1,1,Bushtail Possum,Y,Y,idle_looking_away,moving,,,,
Coupe 146_009_0009,spatial/Fieldmaster/Coupe 146_009_0009/Media,DJI_20230830190939_0003_S.MP4,,30/8/2023,19:09,1,1,Bushtail Possum,N,N,idle_looking_away,,,,,
Coupe 146_009_0009,spatial/Fieldmaster/Coupe 146_009_0009/Media,DJI_20230830191944_0004_S.MP4,,30/8/2023,19:19,1,1,Sugar Glider,N,N,idle_looking_away,,,, ,such a cutie
Coupe 146-012-0001,spatial/Fieldmaster/Coupe 146-012-0001/Media,DJI_20231114211955_0001_S.MP4,,14/11/2023,21:20,1,1,Sugar Glider,N,N,moving,,,,,
Coupe 146-012-0001,spatial/Fieldmaster/Coupe 146-012-0001/Media,DJI_20231114213622_0002_S.MP4,,14/11/2023,21:35,1,1,Sugar Glider,N,N,moving,,,,,
Coupe 146-012-0001,spatial/Fieldmaster/Coupe 146-012-0001/Media,DJI_20231114215528_0003_S.MP4,,14/11/2023,21:55,1,1,Sugar Glider,N,N,moving,,,,,
Coupe 146-012-0001,spatial/Fieldmaster/Coupe 146-012-0001/Media,DJI_20231114234637_0005_S.MP4,,14/11/2023,23:47,1,1,Sugar Glider,N,N,moving,,,,,
Coupe 146-012-0001,spatial/Fieldmaster/Coupe 146-012-0001/Media,DJI_20231114235109_0006_S.MP4,,14/11/2023,23:51,2,1,Bushtail Possum,N,N,feeding,,,,,
Coupe 146-012-0001,spatial/Fieldmaster/Coupe 146-012-0001/Media,DJI_20231114235109_0006_S.MP4,,14/11/2023,23:51,2,2,Bushtail Possum,N,N,idle_looking_away,,,,,baby on mamas' back
Coupe 146-012-0001,spatial/Fieldmaster/Coupe 146-012-0001/Media,DJI_20231115000025_0007_S.MP4,,15/11/2023,00:00,1,1,Bushtail Possum,N,N,idle_looking_away,,,,,
Coupe 146-012-0001,spatial/Fieldmaster/Coupe 146-012-0001/Media,DJI_20231115002159_0008_S.MP4,,15/11/2023,00:22,1,1,Ringtail Possum,N,N,idle_looking_away,,,,,
Coupe 146-012-0001,spatial/Fieldmaster/Coupe 146-012-0001/Media,DJI_20231115002645_0009_S.MP4,,15/11/2023,00:26,1,1,Bushtail Possum,N,N,idle_looking_away,,,,,
Coupe 146-012-0006,spatial/Fieldmaster/Coupe 146-012-0006/Media,DJI_20231025205304_0002_S.MP4,,25/10/2023,20:53,4,1,Pied Currawong,N,N,idle_looking_away,,,,,
Coupe 146-012-0006,spatial/Fieldmaster/Coupe 146-012-0006/Media,DJI_20231025220649_0001_S.MP4,,25/10/2023,22:06,1,1,Bushtail Possum,N,N,idle_looking_away,,,,,
Coupe 146-012-0006,spatial/Fieldmaster/Coupe 146-012-0006/Media,DJI_20231025223329_0002_S.MP4,,25/10/2023,22:33,1,1,Bushtail Possum,N,N,idle_looking_away,,,,,
Coupe 146-012-0006,spatial/Fieldmaster/Coupe 146-012-0006/Media,DJI_20231025223619_0003_S.MP4,,25/10/2023,22:36,1,1,Yellow Beliie Glider,N,N,moving,,,,,
Coupe 146-012-0006,spatial/Fieldmaster/Coupe 146-012-0006/Media,DJI_20231025230115_0004_S.MP4,,25/10/2023,23:01,6,,Pied Currawong,N,N,idle_looking_away,,,,,
Coupe 146-012-0006,spatial/Fieldmaster/Coupe 146-012-0006/Media,DJI_20231026205635_0002_S.MP4,,26/10/2023,20:54,1,1,Sugar Glider,N,N,idle_looking_away,,,,,
Coupe 146-012-0006,spatial/Fieldmaster/Coupe 146-012-0006/Media,DJI_20231026220632_0003_S.MP4,,26/10/2023,22:06,1,1,Pied Currawong,N,N,idle_looking_away,,,,,
Coupe 146-012-0006,spatial/Fieldmaster/Coupe 146-012-0006/Media,DJI_20231026221745_0004_S.MP4,,26/10/2023,22:17,1,1,Ringtail Possum,N,N,idle_looking_away,,,,,
Coupe 149-021-0108,spatial/Fieldmaster/Coupe 149-021-0108/Media,DJI_20230829183614_0001_S.MP4,,29/8/2023,18:36,1,1,Bushtail Possum,N,N,feeding,,,,,
Coupe 149-021-0108,spatial/Fieldmaster/Coupe 149-021-0108/Media,DJI_20230829183909_0002_S.MP4,,29/8/2023,18:39,4,1,Wombats,N,N,moving,,,,,
Coupe 149-021-0108,spatial/Fieldmaster/Coupe 149-021-0108/Media,DJI_20230829183909_0002_S.MP5,,29/8/2023,18:39,4,2,Wombats,N,N,idle_looking_away,,,,,
Coupe 149-021-0108,spatial/Fieldmaster/Coupe 149-021-0108/Media,DJI_20230829183909_0002_S.MP6,,29/8/2023,18:39,4,3,Wombats,N,N,idle_looking_away,,,,,
Coupe 149-021-0108,spatial/Fieldmaster/Coupe 149-021-0108/Media,DJI_20230829183909_0002_S.MP7,,29/8/2023,18:39,4,4,Wombats,N,N,idle_looking_away,,,,,
Coupe 149-021-0108,spatial/Fieldmaster/Coupe 149-021-0108/Media,DJI_20230829184014_0004_S.MP4,,29/8/2023,18:40,3,1,White-winged chough,N,N,idle_looking_away,,,,,
Coupe 149-021-0108,spatial/Fieldmaster/Coupe 149-021-0108/Media,DJI_20230829184145_0005_S.MP4,,29/8/2023,18:41,2,,Kangoroo,N,N,moving,,,,,
Coupe 149-021-0108,spatial/Fieldmaster/Coupe 149-021-0108/Media,DJI_20230831185421_0002_S.MP4,,31/8/2023,18:54,1,1,Bushtail Possum,N,N,idle_looking_away,,,,,
Coupe 149-021-0108,spatial/Fieldmaster/Coupe 149-021-0108/Media,DJI_20230831190259_0004_S.MP4,,31/8/2023,19:02,1,1,Bushtail Possum,N,N,moving,,,,,
Coupe 149-021-0108,spatial/Fieldmaster/Coupe 149-021-0108/Media,DJI_20230831191617_0006_S.MP4,,31/8/2023,19:16,1,1,Bushtail Possum,N,N,idle_looking_away,,,,,
Coupe 149-021-0108,spatial/Fieldmaster/Coupe 149-021-0108/Media,DJI_20230831192509_0007_S.MP4,,31/8/2023,19:25,1,1,Sugar Glider,N,N,moving,,,,,
Coupe 149-021-0108,spatial/Fieldmaster/Coupe 149-021-0108/Media,DJI_20230831193809_0008_S.MP4,,31/8/2023,19:38,1,1,Bushtail Possum,N,N,idle_looking_away,,,,,
Coupe 149-021-0108,spatial/Fieldmaster/Coupe 149-021-0108/Media,DJI_20230831194330_0009_S.MP4,,31/8/2023,19:43,1,1,Bushtail Possum,N,N,idle_looking_away,,,,,
Coupe 149-021-0108,spatial/Fieldmaster/Coupe 149-021-0108/Media,DJI_20230831194830_0010_S.MP4,,31/8/2023,19:48,1,1,Bushtail Possum,N,N,feeding,,,,,
Coupe 172-501-0107,spatial/Fieldmaster/Coupe 172-501-0107/Media,DJI_20231018213351_0004_S,,18/10/2023,21:33,1,1,Koala,N,N,feeding,,,,,
Coupe 172-501-0107,spatial/Fieldmaster/Coupe 172-501-0107/Media,DJI_20231018215437_0005_S,,18/10/2023,21:54,1,1,Koala,N,N,idle_looking_away,,,,,
Coupe 177-000-0001,spatial/Fieldmaster/Coupe 177-000-0001/Media,DJI_20231010205006_0002_S.MP4,,10/10/2023,20:50,1,1,Ringtail Possum,N,N,idle_looking_away,,,,,
Coupe 177-000-0001,spatial/Fieldmaster/Coupe 177-000-0001/Media,DJI_20231010212443_0003_S.MP4,,10/10/2023,21:24,1,1,Ringtail Possum,Y,N,idle_looking_away,,,,,
Coupe 177-000-0001,spatial/Fieldmaster/Coupe 177-000-0001/Media,DJI_20231010212855_0004_S.MP4,,10/10/2023,21:28,1,1,Ringtail Possum,N,N,idle_looking_away,,,,,
Coupe 177-000-0001,spatial/Fieldmaster/Coupe 177-000-0001/Media,DJI_20231010214453_0007_S.MP4,,10/10/2023,21:45,2,1,Ringtail Possum,N,N,feeding,,,,,
Coupe 177-000-0001,spatial/Fieldmaster/Coupe 177-000-0001/Media,DJI_20231010214453_0007_S.MP4,,10/10/2023,21:45,2,2,Ringtail Possum,N,N,feeding,,,,,
Coupe 177-000-0001,spatial/Fieldmaster/Coupe 177-000-0001/Media,DJI_20231010220247_0009_S.MP4,,10/10/2023,22:02,1,2,Ringtail Possum,N,N,feeding,,,,,
Coupe 177-000-0001,spatial/Fieldmaster/Coupe 177-000-0001/Media,DJI_20231010220531_0010_S.MP4,,10/10/2023,22:05,1,1,Ringtail Possum,N,N,idle_looking_away,,,,,
Coupe 177-000-0001,spatial/Fieldmaster/Coupe 177-000-0001/Media,DJI_20231010220815_0011_S.MP4,,10/10/2023,22:08,1,1,Ringtail Possum,N,N,idle_looking_away,,,,,
Coupe 177-000-0001,spatial/Fieldmaster/Coupe 177-000-0001/Media,DJI_20231010221612_0012_S.MP4,,10/10/2023,22:16,1,1,Ringtail Possum,N,N,idle_looking_away,,,,,
Coupe 177-000-0001,spatial/Fieldmaster/Coupe 177-000-0001/Media,DJI_20231010222827_0013_S.MP4,,10/10/2023,22:28,1,1,Ringtail Possum,N,N,idle_looking_away,,,,,
Coupe 177-000-0001,spatial/Fieldmaster/Coupe 177-000-0001/Media,DJI_20231010223141_0014_S.MP4,,10/10/2023,22:31,1,1,Ringtail Possum,N,N,idle_looking_away,,,,,
Coupe 177-000-0001,spatial/Fieldmaster/Coupe 177-000-0001/Media,DJI_20231010223705_0015_S.MP4,,10/10/2023,22:37,1,1,Ringtail Possum,N,N,idle_looking_away,,,,,
Coupe 177-000-0001,spatial/Fieldmaster/Coupe 177-000-0001/Media,DJI_20231010224934_0002_S.MP4,,10/10/2023,22:49,1,1,Ringtail Possum,N,N,idle_looking_away,,,,,
Coupe 177-000-0001,spatial/Fieldmaster/Coupe 177-000-0001/Media,DJI_20231010230459_0004_S.MP4,,10/10/2023,23:04,1,1,Ringtail Possum,N,N,idle_looking_away,,,,,
Coupe 177-000-0001,spatial/Fieldmaster/Coupe 177-000-0001/Media,DJI_20231010231505_0005_S.MP4,,10/10/2023,23:15,1,1,Ringtail Possum,N,N,idle_looking_away,,,,,
Coupe 177-000-0001,spatial/Fieldmaster/Coupe 177-000-0001/Media,DJI_20231010231905_0006_S.MP4,,10/10/2023,23:19,1,1,Ringtail Possum,N,N,idle_looking_away,,,,,
Coupe 177-000-0001,spatial/Fieldmaster/Coupe 177-000-0001/Media,DJI_20231010232421_0007_S.MP4,,10/10/2023,23:24,1,1,Ringtail Possum,N,N,idle_looking_away,,,,,
Coupe 177-000-0001,spatial/Fieldmaster/Coupe 177-000-0001/Media,DJI_20231010232921_0008_S.MP4,,10/10/2023,23:29,1,1,Ringtail Possum,N,N,moving,,,,,
Coupe 177-000-0001,spatial/Fieldmaster/Coupe 177-000-0001/Media,DJI_20231010233936_0009_S.MP4,,10/10/2023,23:39,1,1,Koala,N,N,idle_looking_away,,,,,
Coupe 177-000-0001,spatial/Fieldmaster/Coupe 177-000-0001/Media,DJI_20231010234327_0010_S.MP4,,10/10/2023,23:43,1,1,Ringtail Possum,N,N,feeding,,,,,
Coupe 177-000-0001,spatial/Fieldmaster/Coupe 177-000-0001/Media,DJI_20231010235138_0011_S.MP4,,10/10/2023,23:51,1,1,Ringtail Possum,N,N,feeding,,,,,
Coupe 177-000-0001,spatial/Fieldmaster/Coupe 177-000-0001/Media,DJI_20231010235423_0012_S.MP4,,10/10/2023,23:54,1,1,Ringtail Possum,N,N,feeding,,,,,
Coupe 177-000-0001,spatial/Fieldmaster/Coupe 177-000-0001/Media,DJI_20231010235521_0013_S.MP4,,10/10/2023,23:55,1,1,Ringtail Possum,N,N,idle_looking_away,,,,,
Coupe 177-000-0001,spatial/Fieldmaster/Coupe 177-000-0001/Media,DJI_20231011000044_0014_S.MP4,,11/11/2023,00:00,1,1,Ringtail Possum,N,N,feeding,,,,,
Coupe 177-000-0001,spatial/Fieldmaster/Coupe 177-000-0001/Media,DJI_20231011000251_0015_S.MP4,,11/11/2023,00:02,1,1,Ringtail Possum,N,N,feeding,,,,,
Coupe 177-000-0001,spatial/Fieldmaster/Coupe 177-000-0001/Media,DJI_20231011000635_0016_S.MP4,,11/11/2023,00:06,1,1,Ringtail Possum,N,N,idle_looking_away,,,,,
Coupe 177-000-0001,spatial/Fieldmaster/Coupe 177-000-0001/Media,DJI_20231011001204_0018_S.MP4,,11/11/2023,00:12,1,1,Ringtail Possum,N,N,idle_looking_away,,,,,
Coupe 177-000-0001,spatial/Fieldmaster/Coupe 177-000-0001/Media,DJI_20231011001303_0019_S.MP4,,11/11/2023,00:13,1,1,Ringtail Possum,N,N,idle_looking_away,,,,,
Coupe 177-000-0001,spatial/Fieldmaster/Coupe 177-000-0001/Media,DJI_20231011002037_0020_S.MP4,,11/11/2023,00:20,1,1,Ringtail Possum,N,N,idle_looking_away,,,,,
Coupe 177-000-0001,spatial/Fieldmaster/Coupe 177-000-0001/Media,DJI_20231011002211_0021_S.MP4,,11/11/2023,00:22,1,1,Ringtail Possum,N,N,idle_looking_away,,,,,
Coupe 177-000-0001,spatial/Fieldmaster/Coupe 177-000-0001/Media,DJI_20231011002436_0022_S.MP4,,11/11/2023,00:24,1,1,Ringtail Possum,N,N,feeding,,,,,
Coupe 177-000-0001,spatial/Fieldmaster/Coupe 177-000-0001/Media,DJI_20231011002916_0023_S.MP4,,11/11/2023,00:29,1,1,Ringtail Possum,N,N,feeding,,,,,
Coupe 177-000-0001,spatial/Fieldmaster/Coupe 177-000-0001/Media,DJI_20231011003244_0024_S.MP4,,11/11/2023,00:32,1,1,Ringtail Possum,N,N,feeding,,,,,
Coupe 177-000-0001,spatial/Fieldmaster/Coupe 177-000-0001/Media,DJI_20231011202530_0001_S.MP4,,11/11/2023,20:25,1,1,Ringtail Possum,N,N,idle_looking_away,,,,,
Coupe 177-000-0001,spatial/Fieldmaster/Coupe 177-000-0001/Media,DJI_20231011204345_0002_S.MP4,,11/11/2023,20:43,1,1,Ringtail Possum,N,N,idle_looking_away,,,,,
Coupe 177-000-0001,spatial/Fieldmaster/Coupe 177-000-0001/Media,DJI_20231011204745_0003_S.MP4,,11/11/2023,20:47,1,1,Ringtail Possum,N,N,idle_looking_away,,,,,
Coupe 177-000-0001,spatial/Fieldmaster/Coupe 177-000-0001/Media,DJI_20231011205319_0004_S.MP4,,11/11/2023,20:53,1,1,Ringtail Possum,N,N,idle_looking_away,,,,,
Coupe 177-000-0001,spatial/Fieldmaster/Coupe 177-000-0001/Media,DJI_20231011205753_0005_S.MP4,,11/11/2023,20:57,1,1,Ringtail Possum,N,N,moving,,,,,
Coupe 177-000-0001,spatial/Fieldmaster/Coupe 177-000-0001/Media,DJI_20231011205943_0006_S.MP4,,11/11/2023,20:59,1,1,Ringtail Possum,N,N,moving,,,,,
Coupe 177-000-0001,spatial/Fieldmaster/Coupe 177-000-0001/Media,DJI_20231011211042_0001_S.MP4,,11/11/2023,21:10,1,1,Ringtail Possum,N,N,idle_looking_away,,,,,
Coupe 177-000-0001,spatial/Fieldmaster/Coupe 177-000-0001/Media,DJI_20231011211224_0002_S.MP4,,11/11/2023,21:12,1,1,Ringtail Possum,N,N,idle_looking_away,,,,,
Coupe 177-000-0001,spatial/Fieldmaster/Coupe 177-000-0001/Media,DJI_20231011211331_0003_S.MP4,,11/11/2023,21:13,1,1,Ringtail Possum,N,N,feeding,,,,,
Coupe 177-000-0001,spatial/Fieldmaster/Coupe 177-000-0001/Media,DJI_20231011211508_0004_S.MP4,,11/11/2023,21:15,1,1,Ringtail Possum,N,N,idle_looking_away,,,,,
Coupe 177-000-0001,spatial/Fieldmaster/Coupe 177-000-0001/Media,DJI_20231011211633_0005_S.MP4,,11/11/2023,21:16,1,1,Ringtail Possum,N,N,idle_looking_away,,,,,
Coupe 177-000-0001,spatial/Fieldmaster/Coupe 177-000-0001/Media,DJI_20231011213108_0008_S.MP4,,11/11/2023,21:31,1,1,Ringtail Possum,N,N,moving,,,,,
Coupe 177-000-0001,spatial/Fieldmaster/Coupe 177-000-0001/Media,DJI_20231011213232_0009_S.MP4,,11/11/2023,21:32,1,1,Ringtail Possum,N,N,moving,,,,,
Coupe 177-000-0001,spatial/Fieldmaster/Coupe 177-000-0001/Media,DJI_20231011213931_0011_S.MP4,,11/11/2023,21:39,1,1,Ringtail Possum,N,N,idle_looking_away,,,,,
Coupe 177-000-0001,spatial/Fieldmaster/Coupe 177-000-0001/Media,DJI_20231011215427_0001_S.MP4,,11/11/2023,21:54,1,1,Ringtail Possum,N,N,idle_looking_away,,,,,
Coupe 177-000-0001,spatial/Fieldmaster/Coupe 177-000-0001/Media,DJI_20231011215608_0002_S.MP4,,11/11/2023,21:56,1,1,Ringtail Possum,N,N,moving,,,,,
Coupe 177-000-0001,spatial/Fieldmaster/Coupe 177-000-0001/Media,DJI_20231011215744_0003_S.MP4,,11/11/2023,21:57,1,1,Ringtail Possum,N,N,moving,,,,,
Coupe 177-000-0001,spatial/Fieldmaster/Coupe 177-000-0001/Media,DJI_20231011215909_0004_S.MP4,,11/11/2023,21:59,1,1,Ringtail Possum,N,N,feeding,,,,,
Coupe 177-000-0001,spatial/Fieldmaster/Coupe 177-000-0001/Media,DJI_20231011220001_0005_S.MP4,,11/11/2023,22:00,1,1,Ringtail Possum,N,N,idle_looking_away,,,,,
Coupe 177-000-0001,spatial/Fieldmaster/Coupe 177-000-0001/Media,DJI_20231011220126_0006_S.MP4,,11/11/2023,22:01,1,1,Ringtail Possum,N,N,idle_looking_away,,,,,second individual in the end of video
Coupe 177-000-0001,spatial/Fieldmaster/Coupe 177-000-0001/Media,DJI_20231011220432_0007_S.MP4,,11/11/2023,22:04,1,1,Ringtail Possum,N,N,idle_looking_away,,,,,
Coupe 177-000-0001,spatial/Fieldmaster/Coupe 177-000-0001/Media,DJI_20231011220541_0008_S.MP4,,11/11/2023,22:05,1,1,Ringtail Possum,N,N,idle_looking_away,,,,,
Coupe 177-000-0001,spatial/Fieldmaster/Coupe 177-000-0001/Media,DJI_20231011220745_0009_S.MP4,,11/11/2023,22:07,1,1,Ringtail Possum,N,N,idle_looking_away,,,,,
Coupe 177-000-0001,spatial/Fieldmaster/Coupe 177-000-0001/Media,DJI_20231011221842_0001_S.MP4,,11/11/2023,22:18,1,1,Ringtail Possum,Y,N,moving,,,,,
Coupe 177-000-0001,spatial/Fieldmaster/Coupe 177-000-0001/Media,DJI_20231011222136_0002_S.MP4,,11/11/2023,22:21,1,1,Ringtail Possum,N,N,idle_looking_away,,,,,check eyeshine 
Coupe 177-000-0001,spatial/Fieldmaster/Coupe 177-000-0001/Media,DJI_20231011222417_0003_S.MP4,,11/11/2023,22:24,1,1,Ringtail Possum,N,N,moving,,,,,
Coupe 177-000-0001,spatial/Fieldmaster/Coupe 177-000-0001/Media,DJI_20231011222800_0004_S.MP4,,11/11/2023,22:28,1,1,Ringtail Possum,N,N,idle_looking_away,,,,,video only 4 seconds
Coupe 177-000-0001,spatial/Fieldmaster/Coupe 177-000-0001/Media,DJI_20231011223001_0005_S.MP4,,11/11/2023,22:30,1,1,Ringtail Possum,N,N,idle_looking_away,,,,,video only 4 seconds
Coupe 177-000-0001,spatial/Fieldmaster/Coupe 177-000-0001/Media,DJI_20231011224540_0007_S.MP4,,11/11/2023,22:45,1,1,Ringtail Possum,N,N,idle_looking_away,,,,,
Coupe 177-000-0001,spatial/Fieldmaster/Coupe 177-000-0001/Media,DJI_20231011230137_0009_S.MP4,,11/11/2023,23:01,1,1,Ringtail Possum,N,N,idle_looking_away,,,,,
Coupe 177-000-0001,spatial/Fieldmaster/Coupe 177-000-0001/Media,DJI_20231011230449_0010_S.MP4,,11/11/2023,23:04,1,1,Ringtail Possum,N,N,moving,,,,,
Coupe 177-000-0001,spatial/Fieldmaster/Coupe 177-000-0001/Media,DJI_20231011230923_0011_S.MP4,,11/11/2023,23:09,1,1,unknown,N,N,feeding,,,,,Maybe Ringtail
Coupe 177-000-0001,spatial/Fieldmaster/Coupe 177-000-0001/Media,DJI_20231011231608_0012_S.MP4,,11/11/2023,23:16,1,1,Ringtail Possum,N,N,idle_looking_away,,,,,
Coupe 177-000-0001,spatial/Fieldmaster/Coupe 177-000-0001/Media,DJI_20231011232828_0014_S.MP4,,11/11/2023,23:28,1,1,Sugar Glider,N,N,idle_looking_away,,,,,
Coupe 177-000-0001,spatial/Fieldmaster/Coupe 177-000-0001/Media,DJI_20231011233427_0015_S.MP4,,11/11/2023,23:33,1,1,Ringtail Possum,N,N,idle_looking_away,,,,,
Coupe 177-000-0001,spatial/Fieldmaster/Coupe 177-000-0001/Media,DJI_20231011234025_0016_S.MP4,,11/11/2023,23:40,1,1,Ringtail Possum,Y,N,idle_looking_at_camera,,,2,,
Coupe 177-000-0001,spatial/Fieldmaster/Coupe 177-000-0001/Media,DJI_20231011234605_0019_S.MP4,,11/11/2023,23:46,1,1,Ringtail Possum,N,N,idle_looking_away,,,,,
Coupe 177-000-0001,spatial/Fieldmaster/Coupe 177-000-0001/Media,DJI_20231011234704_0020_S.MP4,,11/11/2023,23:47,1,1,unknown,N,N,idle_looking_away,,,,,Maybe Ringtail
Coupe 185-000-0003,spatial/Fieldmaster/Coupe 185-000-0003/Media,DJI_20231016204102_0003_S.MP4,,16/10/2023,20:41,1,1,Koala,N,N,idle_looking_away,,,,,
Coupe 185-000-0003,spatial/Fieldmaster/Coupe 185-000-0003/Media,DJI_20231016215958_0004_S.MP4,,16/10/2023,21:00,1,1,Koala,N,N,idle_looking_away,,,,,
Coupe 185-000-0003,spatial/Fieldmaster/Coupe 185-000-0003/Media,DJI_20231016221727_0001_S.MP4,,16/10/2023,22:17,1,1,Ringtail Possum,N,N,feeding,,,,,
Coupe 185-000-0003,spatial/Fieldmaster/Coupe 185-000-0003/Media,DJI_20231016223659_0002_S.MP4,,16/10/2023,22:36,1,1,Koala,N,N,idle_looking_away,,,,,
Coupe 185-000-0003,spatial/Fieldmaster/Coupe 185-000-0003/Media,DJI_20231016234256_0002_S.MP4,,16/10/2023,23:42,1,1,Brushtail Possum,N,N,feeding,,,,,
Coupe 185-000-0003,spatial/Fieldmaster/Coupe 185-000-0003/Media,DJI_20231016234404_0003_S.MP4,,16/10/2023,23:44,1,1,Brushtail Possum,N,N,feeding,,,,,
Coupe 185-000-0003,spatial/Fieldmaster/Coupe 185-000-0003/Media,DJI_20231016234947_0005_S.MP4,,16/10/2023,23:49,1,1,Brushtail Possum,N,N,feeding,,,,,
Coupe 185-000-0003,spatial/Fieldmaster/Coupe 185-000-0003/Media,DJI_20231016235603_0006_S.MP4,,16/10/2023,23:56,1,1,Brushtail Possum,N,N,moving,,,,,
Coupe 185-000-0003,spatial/Fieldmaster/Coupe 185-000-0003/Media,DJI_20231017210027_0001_S.MP4,,17/10/2023,21:00,1,1,Koala,N,N,idle_looking_away,,,,,
Coupe 185-000-0003,spatial/Fieldmaster/Coupe 185-000-0003/Media,DJI_20231017214256_0003_S.MP4,,17/10/2023,21:42,1,1,Koala,N,N,idle_looking_away,,,,,
Coupe 193-538-0008,spatial/Fieldmaster/Coupe 193-538-0008/Media,DJI_20231024220836_0010_S.MP4,,24/10/2023,22:08,1,1,Ringtail Possum,N,N,idle_looking_away,,,,,
Coupe 193-538-0008,spatial/Fieldmaster/Coupe 193-538-0008/Media,DJI_20231024220644_0008_S.MP4,,24/10/2023,22:06,1,1,Ringtail Possum,N,N,idle_looking_away,,,,,
Coupe 193-538-0008,spatial/Fieldmaster/Coupe 193-538-0008/Media,DJI_20231024215003_0007_S.MP4,,24/10/2023,21:50,1,1,Ringtail Possum,N,N,feeding,,,,,
Coupe 193-538-0008,spatial/Fieldmaster/Coupe 193-538-0008/Media,DJI_20231024214551_0006_S.MP4,,24/10/2023,21:14,1,1,Ringtail Possum,N,N,feeding,,,,,
Coupe 193-538-0008,spatial/Fieldmaster/Coupe 193-538-0008/Media,DJI_20231024214230_0005_S.MP4,,24/10/2023,21:42,1,1,Ringtail Possum,N,N,feeding,,,,,
Coupe 193-538-0008,spatial/Fieldmaster/Coupe 193-538-0008/Media,DJI_20231024213951_0004_S.MP4,,24/10/2023,21:39,1,1,Kola,N,N,idle_looking_away,,,,,
Coupe 193-538-0008,spatial/Fieldmaster/Coupe 193-538-0008/Media,DJI_20231024213044_0003_S.MP4,,24/10/2023,21:30,1,1,Ringtail Possum,N,N,idle_looking_away,,,,,
Coupe 193-538-0008,spatial/Fieldmaster/Coupe 193-538-0008/Media,DJI_20231024212355_0002_S.MP4,,24/10/2023,21:23,1,1,Ringtail Possum,N,N,feeding,,,,,
Coupe 193-538-0008,spatial/Fieldmaster/Coupe 193-538-0008/Media,DJI_20231024210145_0001_S.MP4,,24/10/2023,21:01,1,1,Kola,N,N,idle_looking_away,,,,,
Coupe 208-503-0024,spatial/Fieldmaster/Coupe 208-503-0024/Media/DJI_202309141909_045,DJI_20230914192109_0001_S.MP4,,14/9/2023,19:21,1,1,Ringtail Possum,N,N,feeding,,,,,
Coupe 208-503-0024,spatial/Fieldmaster/Coupe 208-503-0024/Media/DJI_202309141909_045,DJI_20230914192702_0002_S.MP4,,14/9/2023,19:27,2,1,Ringtail Possum,N,N,feeding,,,,,
Coupe 208-503-0024,spatial/Fieldmaster/Coupe 208-503-0024/Media/DJI_202309141909_045,DJI_20230914192702_0002_S.MP4,,14/9/2023,19:27,2,2,Ringtail Possum,N,N,feeding,,,,,
Coupe 208-503-0024,spatial/Fieldmaster/Coupe 208-503-0024/Media/DJI_202309141909_045,DJI_20230914193208_0003_S.MP4,,14/9/2023,19:32,1,1,Ringtail Possum,N,N,feeding,,:,,,
Coupe 208-503-0024,spatial/Fieldmaster/Coupe 208-503-0024/Media/DJI_202309141909_045,DJI_20230914193312_0004_S.MP4,,14/9/2023,19:33,1,1,Ringtail Possum,N,N,feeding,,,,,
Coupe 208-503-0024,spatial/Fieldmaster/Coupe 208-503-0024/Media/DJI_202309141909_045,DJI_20230914193343_0005_S.MP4,,14/9/2023,19:33,2,1,Ringtail Possum,N,N,moving,,,,,
Coupe 208-503-0024,spatial/Fieldmaster/Coupe 208-503-0024/Media/DJI_202309141909_045,DJI_20230914193343_0005_S.MP4,,14/9/2023,19:33,2,2,Ringtail Possum,N,N,moving,,,,,
Coupe 208-503-0024,spatial/Fieldmaster/Coupe 208-503-0024/Media/DJI_202309141936_046,DJI_20230914195254_0002_S.MP4,,14/9/2023,19:52,1,1,Ringtail Possum,N,N,idle_looking_away,,,,,
Coupe 208-503-0024,spatial/Fieldmaster/Coupe 208-503-0024/Media/DJI_202309141936_046,DJI_20230914201027_0005_S.MP4,,14/9/2023,20:10,1,1,Ringtail Possum,Y,Y,feeding,frozen,,7,,
Coupe 208-503-0024,spatial/Fieldmaster/Coupe 208-503-0024/Media/DJI_202309141936_046,DJI_20230914201539_0007_S.MP4,,14/9/2023,20:15,1,1,Ringtail Possum,N,N,feeding,,,,,
Coupe 208-503-0024,spatial/Fieldmaster/Coupe 208-503-0024/Media/DJI_202309141936_046,DJI_20230914203815_0009_Z.MP4,,14/9/2023,20:38,1,1,Brushtail Possum,N,N,moving,,,,,
Coupe 208-503-0024,spatial/Fieldmaster/Coupe 208-503-0024/Media/DJI_202309141936_046,DJI_20230914210206_0012_Z.MP4,,14/9/2023,21:02,1,1,Ringtail Possum,N,N,feeding,,,,,
Coupe 208-503-0024,spatial/Fieldmaster/Coupe 208-503-0024/Media/DJI_202309141936_046,DJI_20230914210800_0013_Z.MP4,,14/9/2023,21:08,1,1,Ringtail Possum,N,N,moving,,,,,
Coupe 208-503-0024,spatial/Fieldmaster/Coupe 208-503-0024/Media/DJI_202309141936_046,DJI_20230914211203_0014_S.MP4,,14/9/2023,21:11,1,1,Ringtail Possum,N,N,moving,,,,,
Coupe 208-503-0024,spatial/Fieldmaster/Coupe 208-503-0024/Media/DJI_202309141936_046,DJI_20230914211331_0015_Z.MP4,,14/9/2023,21:13,1,1,Ringtail Possum,N,N,idle_looking_away,,,,,
Coupe 208-503-0024,spatial/Fieldmaster/Coupe 208-503-0024/Media/DJI_202309141936_046,DJI_20230914212449_0016_Z.MP4,,14/9/2023,21:24,1,1,Ringtail Possum,N,N,idle_looking_away,,,,,
Coupe 208-503-0024,spatial/Fieldmaster/Coupe 208-503-0024/Media/DJI_202309141936_046,DJI_20230914212559_0017_Z.MP4,,14/9/2023,21:25,1,1,Ringtail Possum,N,N,idle_looking_away,,,,,
Coupe 208-503-0024,spatial/Fieldmaster/Coupe 208-503-0024/Media/DJI_202309141936_046,DJI_20230914212753_0018_S.MP4,,14/9/2023,21:27,1,1,Ringtail Possum,N,N,idle_looking_away,,,,,
Coupe 208-503-0024,spatial/Fieldmaster/Coupe 208-503-0024/Media/DJI_202309141936_046,DJI_20230914213514_0019_Z.MP4,,14/9/2023,21:35,1,1,Ringtail Possum,N,N,idle_looking_away,,,,,
Coupe 208-503-0024,spatial/Fieldmaster/Coupe 208-503-0024/Media/DJI_202309141936_046,DJI_20230914213833_0020_S.MP4,,14/9/2023,21:38,2,1,Sugar Glider,N,N,moving,,,,,
Coupe 208-503-0024,spatial/Fieldmaster/Coupe 208-503-0024/Media/DJI_202309141936_046,DJI_20230914213833_0020_S.MP4,,14/9/2023,21:38,2,2,Sugar Glider,N,N,moving,,,,,
Coupe 208-503-0024,spatial/Fieldmaster/Coupe 208-503-0024/Media/DJI_202309141936_046,DJI_20230914214804_0021_S.MP4,,14/9/2023,21:48,1,1,Ringtail Possum,N,N,feeding,,,,,
Coupe 208-503-0024,spatial/Fieldmaster/Coupe 208-503-0024/Media/DJI_202309141936_046,DJI_20230914215031_0022_S.MP4,,14/9/2023,21:50,1,1,Ringtail Possum,N,N,feeding,,,,,
Coupe 208-503-0024,spatial/Fieldmaster/Coupe 208-503-0024/Media/DJI_202309141936_046,DJI_20230914215352_0023_S.MP4,,14/9/2023,21:53,1,1,Ringtail Possum,N,N,feeding,,,,,
Coupe 208-503-0024,spatial/Fieldmaster/Coupe 208-503-0024/Media/DJI_202309141936_046,DJI_20230914220135_0024_S.MP4,,14/9/2023,22:01,1,1,Ringtail Possum,N,N,feeding,,,,,
Coupe 208-503-0024,spatial/Fieldmaster/Coupe 208-503-0024/Media/DJI_202309142234_047,DJI_20230914224443_0001_S.MP4,,14/9/2023,22:45,1,1,Ringtail Possum,N,N,idle_looking_away,,,,,
Coupe 208-503-0024,spatial/Fieldmaster/Coupe 208-503-0024/Media/DJI_202309142234_047,DJI_20230914224737_0002_S.MP4,,14/9/2023,22:47,1,1,Ringtail Possum,N,N,idle_looking_away,,,,,
Coupe 208-503-0024,spatial/Fieldmaster/Coupe 208-503-0024/Media/DJI_202309142234_047,DJI_20230914225436_0003_Z.MP4,,14/9/2023,22:54,1,1,Koala,N,N,feeding,,,,,
Coupe 208-503-0026,spatial/Fieldmaster/Coupe 208-503-0026/Media,DJI_20230904191831_0001_S.MP4,,4/9/2023,19:18,2,1,Ringtail Possum,N,N,idle_looking_away,,,,,
Coupe 208-503-0026,spatial/Fieldmaster/Coupe 208-503-0026/Media,DJI_20230904191831_0001_S.MP4,,4/9/2023,19:18,2,2,Ringtail Possum,N,N,idle_looking_away,,,,,
Coupe 208-503-0026,spatial/Fieldmaster/Coupe 208-503-0026/Media,DJI_20230904201833_0002_S,,4/9/2023,20:18,1,1,Ringtail Possum,N,N,idle_looking_away,,,,,
Coupe 208-503-0026,spatial/Fieldmaster/Coupe 208-503-0026/Media,DJI_20230904202207_0003_S.MP4,,4/9/2023,20:22,1,1,Ringtail Possum,N,N,feeding,,,,,
Coupe 208-503-0026,spatial/Fieldmaster/Coupe 208-503-0026/Media,DJI_20230904202333_0004_S.MP4,,4/9/2023,20:23,1,1,Ringtail Possum,N,N,feeding,,,,,
Coupe 208-503-0026,spatial/Fieldmaster/Coupe 208-503-0026/Media,DJI_20230904202846_0005_S.MP4,,4/9/2023,20:28,1,1,Koala,N,N,feeding,,,,,
Coupe 208-503-0026,spatial/Fieldmaster/Coupe 208-503-0026/Media,DJI_20230904203704_0006_S.MP4,,4/9/2023,20:37,1,1,Ringtail Possum,N,N,idle_looking_away,,,,,
Coupe 208-503-0026,spatial/Fieldmaster/Coupe 208-503-0026/Media,DJI_20230904204010_0007_S.MP4,,4/9/2023,20:40,1,1,Ringtail Possum,N,N,idle_looking_away,,,,,
Coupe 208-503-0026,spatial/Fieldmaster/Coupe 208-503-0026/Media,DJI_20230904204555_0009_S.MP4,,4/9/2023,20:45,1,1,Ringtail Possum,N,N,feeding,,,,,
Coupe 208-503-0026,spatial/Fieldmaster/Coupe 208-503-0026/Media,DJI_20230904204718_0010_S.MP4,,4/9/2023,20:47,1,1,Ringtail Possum,N,N,feeding,,,,,
Coupe 208-503-0026,spatial/Fieldmaster/Coupe 208-503-0026/Media,DJI_20230904204945_0011_S.MP4,,4/9/2023,20:49,1,1,Ringtail Possum,N,N,feeding,,,,,
Coupe 208-503-0026,spatial/Fieldmaster/Coupe 208-503-0026/Media,DJI_20230904205311_0012_S.MP4,,4/9/2023,20:53,1,1,Ringtail Possum,N,N,feeding,,,,,
Coupe 208-503-0026,spatial/Fieldmaster/Coupe 208-503-0026/Media,DJI_20230904205524_0013_S.MP4,,4/9/2023,20:55,3,1,Ringtail Possum,N,N,feeding,,,,,
Coupe 208-503-0026,spatial/Fieldmaster/Coupe 208-503-0026/Media,DJI_20230904205710_0014_S.MP4,,4/9/2023,20:57,1,1,Ringtail Possum,N,N,feeding,,,,,
Coupe 208-503-0026,spatial/Fieldmaster/Coupe 208-503-0026/Media,DJI_20230904210428_0015_S.MP4,,4/9/2023,21:04,1,1,Ringtail Possum,N,N,moving,,,,,
Coupe 208-503-0026,spatial/Fieldmaster/Coupe 208-503-0026/Media,DJI_20230904210603_0016_S.MP4,,4/9/2023,21:06,1,1,Ringtail Possum,N,N,moving,,,,,
Coupe 208-503-0026,spatial/Fieldmaster/Coupe 208-503-0026/Media,DJI_20230904210832_0017_S.MP4,,4/9/2023,21:08,1,1,Ringtail Possum,N,N,feeding,,,,,
Coupe 208-503-0026,spatial/Fieldmaster/Coupe 208-503-0026/Media,DJI_20230904210959_0019_S.MP4,,4/9/2023,21:09,1,1,Sugar Glider,N,N,moving,,,,,
Coupe 208-503-0026,spatial/Fieldmaster/Coupe 208-503-0026/Media,DJI_20230904211134_0020_S.MP4,,4/9/2023,21:11,1,1,Ringtail Possum,N,N,feeding,,,,,
Coupe 208-503-0026,spatial/Fieldmaster/Coupe 208-503-0026/Media,DJI_20230904211517_0021_S.MP4,,4/9/2023,21:15,1,1,Ringtail Possum,N,N,feeding,,,,,
Coupe 208-503-0026,spatial/Fieldmaster/Coupe 208-503-0026/Media,DJI_20230904211756_0022_S.MP4,,4/9/2023,21:16,1,1,Ringtail Possum,N,N,moving,,,,,
Coupe 208-503-0026,spatial/Fieldmaster/Coupe 208-503-0026/Media,DJI_20230904211921_0023_S.MP4,,4/9/2023,21:18,1,1,Sugar Glider,N,N,moving,,,,,
Coupe 208-503-0026,spatial/Fieldmaster/Coupe 208-503-0026/Media,DJI_20230904212100_0024_S.MP4,,4/9/2023,21:21,1,1,Ringtail Possum,N,N,feeding,,,,,
Coupe 208-503-0026,spatial/Fieldmaster/Coupe 208-503-0026/Media,DJI_20230904213042_0002_S.MP4,,4/9/2023,21:30,1,1,Ringtail Possum,N,N,feeding,,,,,
Coupe 208-503-0026,spatial/Fieldmaster/Coupe 208-503-0026/Media,DJI_20230904213456_0004_S.MP4,,4/9/2023,21:35,1,1,Ringtail Possum,N,N,feeding,,,,,
Coupe 208-503-0026,spatial/Fieldmaster/Coupe 208-503-0026/Media,DJI_20230904213751_0005_S.MP4,,4/9/2023,21:38,1,1,Ringtail Possum,N,N,feeding,,,,,
Coupe 208-503-0026,spatial/Fieldmaster/Coupe 208-503-0026/Media,DJI_20230904222958_0001_S.MP4,,4/9/2023,22:29,1,1,Ringtail Possum,N,N,idle_looking_away,,,,,
Coupe 208-503-0026,spatial/Fieldmaster/Coupe 208-503-0026/Media,DJI_20230904223119_0002_S.MP4,,4/9/2023,22:31,1,1,Ringtail Possum,N,N,feeding,,,,,
Coupe 208-503-0026,spatial/Fieldmaster/Coupe 208-503-0026/Media,DJI_20230904223259_0003_S.MP4,,4/9/2023,22:33,1,1,Ringtail Possum,N,N,feeding,,,,,
Coupe 208-503-0026,spatial/Fieldmaster/Coupe 208-503-0026/Media,DJI_20230904223523_0004_S.MP4,,4/9/2023,22:35,1,1,Ringtail Possum,N,N,feeding,,,,,
Coupe 208-503-0026,spatial/Fieldmaster/Coupe 208-503-0026/Media,DJI_20230904223626_0005_S.MP4,,4/9/2023,22:37,1,1,Ringtail Possum,N,N,feeding,,,,,
Coupe 208-503-0026,spatial/Fieldmaster/Coupe 208-503-0026/Media,DJI_20230904224540_0006_S.MP4,,4/9/2023,22:45,1,1,Ringtail Possum,N,N,feeding,,,,,
Coupe 208-503-0026,spatial/Fieldmaster/Coupe 208-503-0026/Media,DJI_20230904224705_0007_S.MP4,,4/9/2023,22:47,1,1,Ringtail Possum,N,N,feeding,,,,,
Coupe 208-503-0026,spatial/Fieldmaster/Coupe 208-503-0026/Media,DJI_20230904225011_0009_S.MP4,,4/9/2023,22:50,1,1,Ringtail Possum,N,N,idle_looking_away,,,,,
Coupe 208-503-0026,spatial/Fieldmaster/Coupe 208-503-0026/Media,DJI_20230904225244_0010_S.MP4,,4/9/2023,22:52,1,1,Ringtail Possum,N,N,feeding,,,,,
Coupe 208-503-0026,spatial/Fieldmaster/Coupe 208-503-0026/Media,DJI_20230904225422_0011_S.MP4,,4/9/2023,22:54,1,1,Ringtail Possum,N,N,feeding,,,,,
Coupe 208-503-0026,spatial/Fieldmaster/Coupe 208-503-0026/Media,DJI_20230904230749_0012_S.MP4,,4/9/2023,23:08,1,1,Koala,N,N,idle_looking_away,,,,,
Coupe 208-503-0026,spatial/Fieldmaster/Coupe 208-503-0026/Media,DJI_20230904231004_0013_S.MP4,,4/9/2023,23:10,1,1,Ringtail Possum,N,N,feeding,,,,,
Coupe 208-503-0026,spatial/Fieldmaster/Coupe 208-503-0026/Media,DJI_20230904231114_0014_S.MP4,,4/9/2023,23:11,1,1,Ringtail Possum,N,N,feeding,,,,,
Coupe 208-503-0026,spatial/Fieldmaster/Coupe 208-503-0026/Media,DJI_20230904231201_0015_S.MP4,,4/9/2023,23:12,1,1,Ringtail Possum,N,N,feeding,,,,,
Coupe 208-503-0026,spatial/Fieldmaster/Coupe 208-503-0026/Media,DJI_20230904231614_0016_S.MP4,,4/9/2023,23:16,1,1,Ringtail Possum,N,N,feeding,,,,,
Coupe 208-503-0026,spatial/Fieldmaster/Coupe 208-503-0026/Media,DJI_20230904231806_0017_S.MP4,,4/9/2023,23:18,1,1,Ringtail Possum,N,N,feeding,,,,,
Coupe 208-503-0026,spatial/Fieldmaster/Coupe 208-503-0026/Media,DJI_20230904232239_0018_S.MP4,,4/9/2023,23:22,1,1,Ringtail Possum,N,N,feeding,,,,,
Coupe 208-503-0026,spatial/Fieldmaster/Coupe 208-503-0026/Media,DJI_20230904232954_0019_S.MP4,,4/9/2023,23:29,1,1,Ringtail Possum,N,N,idle_looking_away,,,,,
Coupe 208-503-0026,spatial/Fieldmaster/Coupe 208-503-0026/Media,DJI_20230904234346_0020_S.MP4,,4/9/2023,23:43,1,1,Ringtail Possum,N,N,idle_looking_away,,,,,
Coupe 208-503-0026,spatial/Fieldmaster/Coupe 208-503-0026/Media,DJI_20230904235132_0021_S.MP4,,4/9/2023,23:51,1,1,Ringtail Possum,N,N,feeding,,,,,
Coupe 208-503-0026,spatial/Fieldmaster/Coupe 208-503-0026/Media,DJI_20230904235726_0022_S.MP4,,4/9/2023,23:57,1,1,Ringtail Possum,N,N,feeding,,,,,
Coupe 208-503-0026,spatial/Fieldmaster/Coupe 208-503-0026/Media/DJI_202309121911_041,DJI_20230912205024_0021_S.MP4,,12/9/2023,20:50,1,1,Ringtail Possum,N,N,feeding,,,,,
Coupe 208-503-0026,spatial/Fieldmaster/Coupe 208-503-0026/Media/DJI_202309121911_041,DJI_20230912205153_0022_S.MP4,,12/9/2023,20:51,1,1,Ringtail Possum,N,N,feeding,,,,,
Coupe 208-503-0026,spatial/Fieldmaster/Coupe 208-503-0026/Media/DJI_202309121911_041,DJI_20230912210216_0024_S.MP4,,12/9/2023,21:02,1,1,Feathertail Glider,N,N,moving,,,,,
Coupe 208-503-0033,spatial/Fieldmaster/Coupe 208-503-0033/Media/DJI_202309112001_040,DJI_20230911220525_0022_S,,11/9/2023,22:05,1,1,Eastern Pygmy possum,N,N,moving,,,,,
Coupe 208-503-0026,spatial/Fieldmaster/Coupe 208-503-0033/Media,DJI_20230905192138_0001_S.MP4,,5/9/2023,19:21,2,1,Ringtail Possum,N,N,moving,,,,,
Coupe 208-503-0026,spatial/Fieldmaster/Coupe 208-503-0033/Media,DJI_20230905192138_0001_S.MP4,,5/9/2023,19:21,2,2,Ringtail Possum,N,N,moving,,,,,
Coupe 208-503-0026,spatial/Fieldmaster/Coupe 208-503-0033/Media,DJI_20230905192554_0002_S.MP4,,5/9/2023,19:25,1,1,Ringtail Possum,N,N,moving,,,,,
Coupe 208-503-0026,spatial/Fieldmaster/Coupe 208-503-0033/Media,DJI_20230905193005_0003_S.MP4,,5/9/2023,19:30,1,1,Ringtail Possum,N,N,moving,,,,,
Coupe 208-503-0026,spatial/Fieldmaster/Coupe 208-503-0033/Media,DJI_20230905194417_0004_S.MP4,,5/9/2023,19:44,1,1,Ringtail Possum,N,N,idle_looking_away,,,,,
Coupe 208-503-0026,spatial/Fieldmaster/Coupe 208-503-0033/Media,DJI_20230905195050_0005_S.MP4,,5/9/2023,19:50,1,1,Ringtail Possum,N,N,moving,,,,,
Coupe 208-503-0026,spatial/Fieldmaster/Coupe 208-503-0033/Media,DJI_20230905200148_0006_S.MP4,,5/9/2023,20:01,1,1,Ringtail Possum,N,N,moving,,,,,
Coupe 208-503-0026,spatial/Fieldmaster/Coupe 208-503-0033/Media,DJI_20230905200649_0007_S.MP4,,5/9/2023,20:06,3,1,Ringtail Possum,N,N,moving,,,,,
Coupe 208-503-0026,spatial/Fieldmaster/Coupe 208-503-0033/Media,DJI_20230905200649_0007_S.MP4,,5/9/2023,20:06,3,2,Ringtail Possum,N,N,feeding,,,,,
Coupe 208-503-0026,spatial/Fieldmaster/Coupe 208-503-0033/Media,DJI_20230905200649_0007_S.MP4,,5/9/2023,20:06,3,3,Ringtail Possum,N,N,feeding,,,,,
Coupe 208-503-0026,spatial/Fieldmaster/Coupe 208-503-0033/Media,DJI_20230905201200_0009_S.MP4,,5/9/2023,20:12,1,1,Ringtail Possum,N,N,moving,,,,,
Coupe 208-503-0026,spatial/Fieldmaster/Coupe 208-503-0033/Media,DJI_20230905201527_0010_S.MP4,,5/9/2023,20:15,1,1,Ringtail Possum,N,N,moving,,,,,
Coupe 208-503-0026,spatial/Fieldmaster/Coupe 208-503-0033/Media,DJI_20230905202220_0011_S.MP4,,5/9/2023,20:22,1,1,Ringtail Possum,N,N,idle_looking_away,,,,,
Coupe 208-503-0026,spatial/Fieldmaster/Coupe 208-503-0033/Media,DJI_20230905202644_0012_S.MP4,,5/9/2023,20:26,1,1,Ringtail Possum,N,N,idle_looking_away,,,,,
Coupe 208-503-0026,spatial/Fieldmaster/Coupe 208-503-0033/Media,DJI_20230905202936_0013_S.MP4,,5/9/2023,20:29,1,1,Ringtail Possum,Y,Y,feeding,frozen,,1,,
Coupe 208-503-0026,spatial/Fieldmaster/Coupe 208-503-0033/Media,DJI_20230905203230_0014_S.MP4,,5/9/2023,20:32,1,1,Ringtail Possum,N,N,feeding,,,,,
Coupe 208-503-0026,spatial/Fieldmaster/Coupe 208-503-0033/Media,DJI_20230905203424_0015_S.MP4,,5/9/2023,20:34,1,1,Ringtail Possum,N,N,idle_looking_away,,,,,
Coupe 208-503-0026,spatial/Fieldmaster/Coupe 208-503-0033/Media,DJI_20230905203540_0016_S.MP4,,5/9/2023,20:35,1,1,Ringtail Possum,N,N,idle_looking_away,,,,,
Coupe 208-503-0026,spatial/Fieldmaster/Coupe 208-503-0033/Media,DJI_20230905205346_0017_S.MP4,,5/9/2023,20:53,1,1,Kola,Y,Y,idle_looking_away,idle_looking_at_camera,,1,,
Coupe 208-503-0026,spatial/Fieldmaster/Coupe 208-503-0033/Media,DJI_20230905205852_0018_S.MP4,,5/9/2023,20:58,1,1,Kola,N,N,idle_looking_away,,,,,
Coupe 208-503-0026,spatial/Fieldmaster/Coupe 208-503-0033/Media,DJI_20230905210316_0019_S.MP4,,5/9/2023,21:03,2,1,Ringtail Possum,N,N,moving,,,,,
Coupe 208-503-0026,spatial/Fieldmaster/Coupe 208-503-0033/Media,DJI_20230905210316_0019_S.MP4,,5/9/2023,21:03,2,2,Ringtail Possum,N,N,feeding,,,,,
Coupe 208-503-0026,spatial/Fieldmaster/Coupe 208-503-0033/Media,DJI_20230905210628_0020_S.MP4,,5/9/2023,21:06,1,1,Ringtail Possum,N,N,feeding,,,,,
Coupe 208-503-0026,spatial/Fieldmaster/Coupe 208-503-0033/Media,DJI_20230905211834_0021_S.MP4,,5/9/2023,21:18,1,1,Ringtail Possum,N,N,feeding,,,,,
Coupe 208-503-0026,spatial/Fieldmaster/Coupe 208-503-0033/Media,DJI_20230905212001_0022_S.MP4,,5/9/2023,21:20,1,1,Ringtail Possum,N,N,idle_looking_away,,,,,
Coupe 208-503-0026,spatial/Fieldmaster/Coupe 208-503-0033/Media,DJI_20230905212140_0023_S.MP4,,5/9/2023,21:40,1,1,Ringtail Possum,N,N,feeding,,,,,
Coupe 208-503-0026,spatial/Fieldmaster/Coupe 208-503-0033/Media,DJI_20230905212452_0025_S.MP4,,5/9/2023,21:24,1,1,Ringtail Possum,N,N,idle_looking_away,,,,,
Coupe 208-503-0026,spatial/Fieldmaster/Coupe 208-503-0033/Media,DJI_20230905212814_0026_S.MP4,,5/9/2023,21:28,3,1,Ringtail Possum,N,N,moving,,,,,
Coupe 208-503-0026,spatial/Fieldmaster/Coupe 208-503-0033/Media,DJI_20230905212814_0026_S.MP4,,5/9/2023,21:28,3,2,Ringtail Possum,N,N,idle_looking_away,,,,,
Coupe 208-503-0026,spatial/Fieldmaster/Coupe 208-503-0033/Media,DJI_20230905212814_0026_S.MP4,,5/9/2023,21:28,3,3,Ringtail Possum,N,N,moving,,,,,
Coupe 208-503-0026,spatial/Fieldmaster/Coupe 208-503-0033/Media,DJI_20230905212814_0026_S.MP4,,5/9/2023,21:28,4,4,Ringtail Possum,N,N,idle_looking_away,,,,,
Coupe 208-503-0026,spatial/Fieldmaster/Coupe 208-503-0033/Media,DJI_20230905213110_0027_S.MP4,,5/9/2023,21:31,1,1,Ringtail Possum,N,N,moving,,,,,
Coupe 208-503-0026,spatial/Fieldmaster/Coupe 208-503-0033/Media,DJI_20230905213317_0028_S.MP4,,5/9/2023,21:33,1,,Unknown,Y,Y,moving,idle_looking_at_camera,,,,Eastern Pygmy possum
Coupe 208-503-0026,spatial/Fieldmaster/Coupe 208-503-0033/Media,DJI_20230905214109_0029_S.MP4,,5/9/2023,21:41,1,1,Ringtail Possum,N,N,moving,,,,,dark brown one
Coupe 208-503-0026,spatial/Fieldmaster/Coupe 208-503-0033/Media,DJI_20230905214316_0030_S.MP4,,5/9/2023,21:43,1,1,Ringtail Possum,N,N,moving,,,,,
Coupe 208-503-0026,spatial/Fieldmaster/Coupe 208-503-0033/Media,DJI_20230905214602_0031_S.MP4,,5/9/2023,21:46,1,1,Ringtail Possum,N,N,moving,,,,,
Coupe 208-503-0026,spatial/Fieldmaster/Coupe 208-503-0033/Media,DJI_20230905214948_0033_S.MP4,,5/9/2023,21:49,1,1,Sugar Glider,N,N,idle_looking_away,,,,,
Coupe 208-503-0026,spatial/Fieldmaster/Coupe 208-503-0033/Media,DJI_20230905215320_0034_S.MP4,,5/9/2023,21:53,1,1,Ringtail Possum,N,N,idle_looking_away,,,,,
Coupe 239-000-0122,spatial/Fieldmaster/Coupe 239-000-0122/Media,DJI_20231030205851_0001_S.MP4,,30/10/2023,20:58,1,1,Kola,N,N,feeding,,,,,
Coupe 239-000-0122,spatial/Fieldmaster/Coupe 239-000-0122/Media,DJI_20231030212158_0001_S.MP4,,30/10/2023,21:21,1,1,Brushtail Possum,N,N,feeding,,,,,
Coupe 239-000-0122,spatial/Fieldmaster/Coupe 239-000-0122/Media,DJI_20231030212905_0002_S.MP4,,30/10/2023,21:29,1,1,Kola,N,N,idle_looking_away,,,,,
Coupe 239-000-0122,spatial/Fieldmaster/Coupe 239-000-0122/Media,DJI_20231030213032_0003_S.MP4,,30/10/2023,21:30,1,1,Ringtail Possum,N,N,feeding,,,,,
Coupe 239-000-0122,spatial/Fieldmaster/Coupe 239-000-0122/Media,DJI_20231030215513_0004_S.MP4,,30/10/2023,21:55,1,1,Kola,N,N,idle_looking_away,,,,,
Coupe 239-000-0122,spatial/Fieldmaster/Coupe 239-000-0122/Media,DJI_20231030224656_0003_S.MP4,,30/10/2023,22:46,1,1,Sugar Glider,N,N,idle_looking_away,,,,,
Coupe 239-000-0122,spatial/Fieldmaster/Coupe 239-000-0122/Media,DJI_20231030225114_0004_S.MP4,,30/10/2023,22:51,1,1,Kola,N,N,idle_looking_away,,,,,
Coupe 239-000-0122,spatial/Fieldmaster/Coupe 239-000-0122/Media,DJI_20231031210425_0001_S.MP4,,31/10/2023,21:04,1,1,Kola,N,N,idle_looking_away,,,,,
Coupe 239-000-0122,spatial/Fieldmaster/Coupe 239-000-0122/Media,DJI_20231031213251_0002_S.MP4,,31/10/2023,21:32,2,1,Ringtail Possum,N,N,moving,,,,,
Coupe 239-000-0122,spatial/Fieldmaster/Coupe 239-000-0122/Media,DJI_20231031213251_0002_S.MP4,,31/10/2023,21:32,2,2,Ringtail Possum,N,N,moving,,,,,
Coupe 239-000-0122,spatial/Fieldmaster/Coupe 239-000-0122/Media,DJI_20231031214054_0003_S.MP4,,31/10/2023,21:40,1,1,Ringtail Possum,N,N,idle_looking_away,,,,,
Coupe 239-000-0122,spatial/Fieldmaster/Coupe 239-000-0122/Media,DJI_20231031214931_0004_S.MP4,,31/10/2023,21:49,1,1,Kola,Y,Y,idle_looking_away,idle_looking_at_camera,,,,
Coupe 239-000-0122,spatial/Fieldmaster/Coupe 239-000-0122/Media,DJI_20231031215128_0005_S.MP4,,31/10/2023,21:51,1,1,Ringtail Possum,N,N,idle_looking_away,,,,,
Coupe 239-000-0122,spatial/Fieldmaster/Coupe 239-000-0122/Media,DJI_20231031215439_0006_S.MP4,,31/10/2023,21:54,1,1,Ringtail Possum,N,N,idle_looking_away,,,,,
Coupe 239-000-0122,spatial/Fieldmaster/Coupe 239-000-0122/Media,DJI_20231031220347_0007_S.MP4,,31/10/2023,22:03,4,1,Birds,N,N,idle_looking_away,,,,,
Coupe 239-000-0122,spatial/Fieldmaster/Coupe 239-000-0122/Media,DJI_20231031220657_0008_S.MP4,,31/10/2023,22:06,1,1,Ringtail Possum,N,N,feeding,,,,,
Coupe 239-000-0122,spatial/Fieldmaster/Coupe 239-000-0122/Media,DJI_20231031220940_0009_S.MP4,,31/10/2023,22:09,1,1,Kola,N,N,idle_looking_away,,,,,
Coupe 239-000-0122,spatial/Fieldmaster/Coupe 239-000-0122/Media,DJI_20231031221656_0010_S.MP4,,31/10/2023,22:16,1,1,Kola,N,N,idle_looking_away,,,,,sleeping ***
Coupe 239-000-0122,spatial/Fieldmaster/Coupe 239-000-0122/Media,DJI_20231031223430_0011_Z.MP4,,31/10/2023,22:34,1,1,Feathertail Possum,N,N,moving,,,,,
Coupe 239-000-0122,spatial/Fieldmaster/Coupe 239-000-0122/Media,DJI_20231031223846_0012_S.MP4,,31/10/2023,22:38,1,1,Yellow Bellie Glider,N,N,moving,,,,,nice video
Coupe 254-000-0109 ,spatial/Fieldmaster/Coupe 254-000-0109/Media/DJI_202310182039_008,DJI_20231018205903_0001_S.MP4,,18/10/2023,20:59,1,1,Koala,N,N,idle_looking_away,,,,,
Coupe 254-000-0109 ,spatial/Fieldmaster/Coupe 254-000-0109/Media/DJI_202310192044_009,DJI_20231019212237_0004_S.MP4,,19/10/2023,21:22,1,1,Ringtail Possum,N,N,moving,,,,,
Coupe 254-000-0054,spatial/Fieldmaster/Coupe 254-000-0054/Media/DJI_202310162041_003,DJI_20231016213233_0005_S.MP4,,16/10/2023,21:32,1,1,Sugar Glider,Y,Y,idle_looking_away,idle_looking_at_camera,,,,
Coupe 254-000-0054,spatial/Fieldmaster/Coupe 254-000-0054/Media/DJI_202310162041_003,DJI_20231016214622_0006_S.MP4,,16/10/2023,21:46,2,1,Ringtails,N,N,feeding,,,,,
Coupe 254-000-0054,spatial/Fieldmaster/Coupe 254-000-0054/Media/DJI_202310162041_003,DJI_20231016214622_0006_S.MP4,,16/10/2023,22:46,2,2,Ringtails,N,N,feeding,,,,,
Coupe 254-000-0054,spatial/Fieldmaster/Coupe 254-000-0054/Media/DJI_202310162041_003,DJI_20231016215134_0007_S.MP4,,16/10/2023,21:51,1,1,Sugar Glider,Y,Y,idle_looking_away,,,,,
Coupe 254-000-0054,spatial/Fieldmaster/Coupe 254-000-0054/Media/DJI_202310162041_003,DJI_20231016215530_0008_S.MP4,,16/10/2023,21:55,2,1,Ringtail Possum,N,N,moving,,,,,
Coupe 254-000-0054,spatial/Fieldmaster/Coupe 254-000-0054/Media/DJI_202310162041_003,DJI_20231016215530_0008_S.MP4,,16/10/2023,21:55,2,1,Ringtail Possum,N,N,moving,,,,,
Coupe 254-000-0054,spatial/Fieldmaster/Coupe 254-000-0054/Media/DJI_202310162041_003,DJI_20231016215622_0009_S.MP4,,16/10/2023,21:56,1,1,Ringtail Possum,N,N,feeding,,,,,
Coupe 254-000-0054,spatial/Fieldmaster/Coupe 254-000-0054/Media/DJI_202310172040_005,DJI_20231017212823_0001_S.MP4,,17/10/2023,21:28,1,1,Ringtail Possum,N,N,moving,,,,,
Coupe263-000-0109,spatial/Fieldmaster/Coupe263-000-0109/Media/DJI_202311012100_006,DJI_20231101210714_0004_S.MP4,,1/11/2023,21:07,2,1,Ringtail Possum,N,N,moving,,,,,
Coupe263-000-0109,spatial/Fieldmaster/Coupe263-000-0109/Media/DJI_202311012100_006,DJI_20231101210714_0004_S.MP4,,1/11/2023,21:07,2,2,Ringtail Possum,N,N,idle_looking_away,,,,,
Coupe263-000-0109,spatial/Fieldmaster/Coupe263-000-0109/Media/DJI_202311012100_006,DJI_20231101210930_0006_S.MP4,,1/11/2023,21:09,2,1,Ringtail Possum,Y,Y,idle_looking_away,idle_looking_at_camera,,5,,seconds in total
Coupe263-000-0109,spatial/Fieldmaster/Coupe263-000-0109/Media/DJI_202311012100_006,DJI_20231101210930_0006_S.MP4,,1/11/2023,21:09,2,2,Ringtail Possum,Y,Y,idle_looking_away,idle_looking_at_camera,,2,,
Coupe263-000-0109,spatial/Fieldmaster/Coupe263-000-0109/Media/DJI_202311012100_006,DJI_20231101211853_0015_S.MP4,,1/11/2023,21:18,3,1,Ringtail Possum,N,N,moving,,,,,super video quality
Coupe263-000-0109,spatial/Fieldmaster/Coupe263-000-0109/Media/DJI_202311012100_006,DJI_20231101211853_0015_S.MP4,,1/11/2023,21:18,3,2,Ringtail Possum,N,N,feeding,,,,,
Coupe263-000-0109,spatial/Fieldmaster/Coupe263-000-0109/Media/DJI_202311012100_006,DJI_20231101211853_0015_S.MP4,,1/11/2023,21:18,3,3,Ringtail Possum,N,N,idle_looking_away,,,,,
Coupe 295-539-0001,spatial/Fieldmaster/Coupe 295-539-0001/Media,DJI_20230918195157_0002_S.MP4,,18/9/2023,19:51,1,1,Ringtail Possum,N,N,moving,,,,,
Coupe 295-539-0001,spatial/Fieldmaster/Coupe 295-539-0001/Media,DJI_20230918204438_0003_S.MP4,,18/9/2023,20:44,1,1,Greater Glider,N,N,idle_looking_away,,,,,
Coupe 295-539-0001,spatial/Fieldmaster/Coupe 295-539-0001/Media,DJI_20230918210827_0004_S.MP4,,18/9/2023,21:08,1,1,Ringtail Possum,N,N,moving,,,,,
Coupe 297-806-0001,spatial/Fieldmaster/Coupe 297-806-0001/Media/DJI_202309261914_003,DJI_20230926191900_0002_S.MP4,,26/9/2023,19:19,1,1,Ringtail Possum,N,N,feeding,,,,,
Coupe 297-806-0001,spatial/Fieldmaster/Coupe 297-806-0001/Media/DJI_202309261914_003,DJI_20230926193139_0011_S.MP4,,26/9/2023,19:31,1,1,Greater Glider,N,N,idle_looking_away,,,,,
Coupe 297-806-0001,spatial/Fieldmaster/Coupe 297-806-0001/Media/DJI_202309261914_003,DJI_20230926193256_0012_S.MP4,,26/9/2023,19:32,1,1,Greater Glider,Y,Y,feeding,idle_looking_at_camera,,6,,
Coupe 297-806-0001,spatial/Fieldmaster/Coupe 297-806-0001/Media/DJI_202309261914_003,DJI_20230926193810_0020_S.MP4,,26/9/2023,19:38,1,1,Greater Glider,N,N,feeding,,,,,
Coupe 297-806-0001,spatial/Fieldmaster/Coupe 297-806-0001/Media/DJI_202309261914_003,DJI_20230926194502_0022_S.MP4,,26/9/2023,19:45,1,1,Ringtail Possum,N,N,feeding,,,,,
Coupe 297-806-0001,spatial/Fieldmaster/Coupe 297-806-0001/Media/DJI_202309261914_003,DJI_20230926195746_0033_S.MP4,,26/9/2023,19:57,1,1,Greater Glider,N,N,feeding,,,,,
Coupe 297-806-0001,spatial/Fieldmaster/Coupe 297-806-0001/Media/DJI_202309261914_003,DJI_20230926200730_0037_S.MP4,,26/9/2023,20:07,1,1,Eastern Pygmy Possum,N,N,moving,,,,,
Coupe 297-806-0001,spatial/Fieldmaster/Coupe 297-806-0001/Media/DJI_202309261914_003,DJI_20230926211321_0069_S.MP4,,26/9/2023,21:11,1,1,Greater Glider,N,N,feeding,,,,,biiiig buddy
Coupe 297-806-0001,spatial/Fieldmaster/Coupe 297-806-0001/Media/DJI_202309261914_003,DJI_20230926212101_0073_S.MP4,,26/9/2023,21:21,1,1,Greater Glider,N,N,feeding,,,,,gray one
Coupe 299_501_0002,spatial/Fieldmaster/Coupe 299_501_0002/Media,DJI_20230808201228_0001_S,,8/8/2023,20:12,1,1,Greater Glider,N,N,feeding,,,,,
Coupe 299_511_0007,spatial/Fieldmaster/Coupe 299_511_0007/Media,DJI_20230807184813_0002_S.MP4,,7/8/2023,18:48,1,1,Greater Glider,N,N,moving,,,,,
Coupe 299_511_0007,spatial/Fieldmaster/Coupe 299_511_0007/Media,DJI_20230807192703_0004_S.MP4,,7/8/2023,19:27,1,1,Greater Glider,N,N,idle_looking_away,,,,,
Coupe 299_511_0007,spatial/Fieldmaster/Coupe 299_511_0007/Media,DJI_20230807194707_0009_S.MP4,,7/8/2023,19:47,1,1,Brushtail Possum,N,N,moving,,,,,
Coupe 299_511_0007,spatial/Fieldmaster/Coupe 299_511_0007/Media,DJI_20230807195155_0011_S.MP4,,7/8/2023,19:51,1,1,Greater Glider,Y,Y,feeding,idle_looking_at_camera,,15,,
Coupe 299_511_0003,spatial/Fieldmaster/Coupe 299_511_0003/Media,DJI_20230807203410_0003_S.MP4,,7/8/2023,20:34,1,1,Unknown,N,N,idle_looking_away,,,,,
Coupe 299_511_0003,spatial/Fieldmaster/Coupe 299_511_0003/Media,DJI_20230807204122_0005_S.MP4,,7/8/2023,20:41,1,1,Ringtail Possum,N,N,idle_looking_away,,,,,
Coupe 299_511_0003,spatial/Fieldmaster/Coupe 299_511_0003/Media,DJI_20230807210646_0009_S.MP4,,7/8/2023,21:06,1,1,Ringtail Possum,Y,Y,idle_looking_away,idle_looking_at_camera,,7,,
Coupe 299-944-0002,spatial/Fieldmaster/Coupe 299-944-0002/Media/DJI_202309251906_001,DJI_20230925195248_0002_S.MP4,,25/9/2023,19:52,1,1,Ringtail Possum,N,N,moving,,,,,
Coupe 299-944-0002,spatial/Fieldmaster/Coupe 299-944-0002/Media/DJI_202309251906_001,DJI_20230925195812_0003_S.MP4,,25/9/2023,19:58,1,1,Greater Glider,N,N,idle_looking_away,,,,,
Coupe 299-944-0002,spatial/Fieldmaster/Coupe 299-944-0002/Media/DJI_202309251906_001,DJI_20230925200706_0004_S.MP4,,25/9/2023,20:07,1,1,Greater Glider,N,N,feeding,,,,,
Coupe 299-944-0002,spatial/Fieldmaster/Coupe 299-944-0002/Media/DJI_202309251906_001,DJI_20230925200853_0006_S.MP4,,25/9/2023,20:08,1,1,Ringtail Possum,N,N,feeding,,,,,
Coupe 299-944-0002,spatial/Fieldmaster/Coupe 299-944-0002/Media/DJI_202309251906_001,DJI_20230925205403_0017_S.MP4,,25/9/2023,20:54,1,1,Greater Glider,Y,Y,idle_looking_away,idle_looking_at_camera,,4,,
Coupe 299-944-0002,spatial/Fieldmaster/Coupe 299-944-0002/Media/DJI_202309251906_001,DJI_20230925213448_0019_S.MP4,,25/9/2023,21:34,1,1,Greater Glider,N,N,feeding,,,,,
Coupe 299-944-0002,spatial/Fieldmaster/Coupe 299-944-0002/Media/DJI_202309251906_001,DJI_20230925214607_0020_S.MP4,,25/9/2023,21:46,1,1,Greater Glider,N,N,idle_looking_away,,,,,
Coupe 299-994-0001,spatial/Fieldmaster/Coupe 299-994-0001/Media,DJI_20230823184822_0001_S.MP4,,23/8/2023,18:48,1,1,Brushtail Possum,N,N,moving,,,,,
Coupe 299-994-0001,spatial/Fieldmaster/Coupe 299-994-0001/Media,DJI_20230823190950_0003_S.MP4,,23/8/2023,19:09,1,1,Ringtail Posssum,N,N,feeding,,,,,
Coupe 299-994-0001,spatial/Fieldmaster/Coupe 299-994-0001/Media,DJI_20230823191923_0006_S.MP4,,23/8/2023,19:19,1,1,Unknown,N,N,moving,,,,,Potoroo
Coupe 299-994-0001,spatial/Fieldmaster/Coupe 299-994-0001/Media,DJI_20230823193135_0007_S.MP4,,23/8/2023,19:31,2,1,Ringtail Posssum,N,N,social,,,,,
Coupe 299-994-0001,spatial/Fieldmaster/Coupe 299-994-0001/Media,DJI_20230823193135_0007_S.MP4,,23/8/2023,19:31,2,2,Ringtail Posssum,N,N,social,,,,,
Coupe 299-994-0001,spatial/Fieldmaster/Coupe 299-994-0001/Media,DJI_20230823193810_0008_S.MP4,,23/8/2023,19:38,1,1,Ringtail Posssum,N,N,feeding,,,,,
Coupe 299-994-0001,spatial/Fieldmaster/Coupe 299-994-0001/Media,DJI_20230823194158_0009_S.MP4,,23/8/2023,19:42,2,1,Ringtail Posssum,N,N,social,,,,,
Coupe 299-994-0001,spatial/Fieldmaster/Coupe 299-994-0001/Media,DJI_20230823194158_0009_S.MP4,,23/8/2023,19:42,2,2,Ringtail Posssum,N,N,social,,,,,
Coupe 300_501_0003,spatial/Fieldmaster/Coupe 300_501_0003/Media,DJI_20230815190439_0001_S.MP4,,15/8/2023,19:04,1,1,Brushtail Possum,N,N,feeding,,,,,
Coupe 300_501_0003,spatial/Fieldmaster/Coupe 300_501_0003/Media,DJI_20230815190744_0002_S.MP4,,15/8/2023,19:07,1,1,Brushtail Possum,N,N,feeding,,,,,noticing?
Coupe 300_501_0003,spatial/Fieldmaster/Coupe 300_501_0003/Media,DJI_20230815192630_0003_S.MP4,,15/8/2023,19:26,1,1,Sugar Glider,N,N,moving,,,,,glinding
Coupe 300_501_0003,spatial/Fieldmaster/Coupe 300_501_0003/Media,DJI_20230815194601_0005_S.MP4,,15/8/2023,19:46,7,1,Birds,N,N,idle_looking_away,,,,,
Coupe 300_501_0003,spatial/Fieldmaster/Coupe 300_501_0003/Media,DJI_20230815200037_0006_S.MP4,,15/8/2023,20:00,2,1,Brushtail Possum,N,N,feeding,,,,,
Coupe 300_501_0003,spatial/Fieldmaster/Coupe 300_501_0003/Media,DJI_20230815200037_0006_S.MP4,,15/8/2023,20:00,2,2,Brushtail Possum,N,N,feeding,,,,,
Coupe 300-503-0001,spatial/Fieldmaster/Coupe 300-503-0001/Media,DJI_20231218235457_0005_S.MP4,,18/12/2023,23:54,1,1,Unknown,N,N,feeding,,,,,
Coupe 300-503-0001,spatial/Fieldmaster/Coupe 300-503-0001/Media,DJI_20231219003742_0021_S.MP4,,19/12/2023,00:37,1,1,Brushtail Possum,N,N,feeding,,,,,
Coupe 300-503-0001,spatial/Fieldmaster/Coupe 300-503-0001/Media,DJI_20231219004718_0028_S.MP4,,19/12/2023,00:47,1,1,Greater Glider,N,N,feeding,,,,,
Coupe 300-533-0001,spatial/Fieldmaster/Coupe 300-533-0001/Media,DJI_20230823212415_0001_S.MP4,,23/8/2023,21:12,1,1,Brushtail Possum,N,N,idle_looking_away,,,,,
Coupe 300-533-0001,spatial/Fieldmaster/Coupe 300-533-0001/Media,DJI_20230823213826_0004_S.MP4,,23/8/2023,21:38,1,1,Sugar Glider,N,N,moving,,,,,
Coupe 300-533-0001,spatial/Fieldmaster/Coupe 300-533-0001/Media,DJI_20230823215059_0005_S.MP4,,23/8/2023,21:50,1,1,Brushtail Possum,N,N,feeding,,,,,
Coupe 300-533-0001,spatial/Fieldmaster/Coupe 300-533-0001/Media,DJI_20230823220955_0010_S,,23/8/2023,22:09,1,1,Unknown,,,,,,,,
Coupe 300-910-0007,spatial/Fieldmaster/Coupe 300-910-0007/Media,DJI_20231218232314_0011_S.MP4,,18/12/2023,23:23,1,1,Greater Glider ,N,N,feeding,,,,,
Coupe 300-910-0007,spatial/Fieldmaster/Coupe 300-910-0007/Media,DJI_20231218232433_0012_S.MP4,,18/12/2023,23:24,1,1,Greater Glider ,Y,Y,feeding,idle_looking_at_camera,,4,,
Coupe 300-910-0007,spatial/Fieldmaster/Coupe 300-910-0007/Media,DJI_20231218232532_0013_S.MP4,,18/12/2023,23:25,1,1,Greater Glider ,N,N,feeding,,,,,
Coupe 309-502-0002,spatial/Fieldmaster/Coupe 309-502-0002/Media,DJI_20230816193548_0003_S.MP4,,16/8/2023,19:35,1,1,Ringtail Posssum,N,N,feeding,,,,,
Coupe 309-502-0002,spatial/Fieldmaster/Coupe 309-502-0002/Media,DJI_20230816200545_0004_S.MP4,,16/8/2023,20:05,1,1,Greater Glider,N,N,idle_looking_away,,,,,
Coupe 309-502-0002,spatial/Fieldmaster/Coupe 309-502-0002/Media,DJI_20230816201150_0006_S.MP4,,16/8/2023,20:11,1,1,Greater Glider,N,N,feeding,,,,,
Coupe 309-502-0002,spatial/Fieldmaster/Coupe 309-502-0002/Media,DJI_20230816201558_0007_S.MP4,,16/8/2023,20:15,1,1,Greater Glider,Y,Y,feeding,idle_looking_at_camera,moving,2,,
Coupe 309-502-0002,spatial/Fieldmaster/Coupe 309-502-0002/Media,DJI_20230816202029_0008_S.MP4,,16/8/2023,20:20,1,1,Brushtail possum,N,N,moving,,,,,
Coupe 735-507-0002,spatial/Fieldmaster/Coupe 735-507-0002/Media/5 June 2023 Photos,DJI_20230605182025_0002_S.MP4,,5/6/2023,18:20,1,1,Unknown,Y,Y,idle_looking_away,idle_looking_at_camera,,8,,Brushtail
Coupe 735-507-0002,spatial/Fieldmaster/Coupe 735-507-0002/Media/5 June 2023 Photos,DJI_20230605185818_0003_S.MP4,,5/6/2023,18:58,1,1,Sugar Glider,N,N,moving,,,,,
Coupe 735-507-0002,spatial/Fieldmaster/Coupe 735-507-0002/Media/5 June 2023 Photos,DJI_20230605190235_0004_S.MP4,,5/6/2023,19:02,1,1,Sugar Glider,N,N,moving,,,,,
Coupe 735-507-0002,spatial/Fieldmaster/Coupe 735-507-0002/Media/5 June 2023 Photos,DJI_20230605203512_0009_S.MP4,,5/6/2023,20:35,1,1,Greater Glider,N,N,feeding,,,,,
Coupe 735-507-0002,spatial/Fieldmaster/Coupe 735-507-0002/Media/5 June 2023 Photos,DJI_20230605212648_0017_S.MP4,,5/6/2023,21:26,1,1,Ringstail Possum,N,N,moving,,,,,
Coupe 735-507-0002,spatial/Fieldmaster/Coupe 735-507-0002/Media/5 June 2023 Photos,DJI_20230605225230_0001_S.MP4,,5/6/2023,22:52,1,1,Koala,N,N,idle_looking_away,,,,,
Coupe 735-507-0002,spatial/Fieldmaster/Coupe 735-507-0002/Media/5 June 2023 Photos,DJI_20230605230454_0005_Z.MP4,,5/6/2023,23:04,1,1,Greater Glider,N,N,idle_looking_away,,,,,
Coupe 735-507-0002,spatial/Fieldmaster/Coupe 735-507-0002/Media/5 June 2023 Photos,DJI_20230605231935_0002_S.MP4,,5/6/2023,19:35,1,1,Brushtail possum,N,N,moving,,,,,
Coupe 735-507-0002,spatial/Fieldmaster/Coupe 735-507-0002/Media/6 June 2023 Photos,DJI_20230606190651_0003_Z(1).MP4,,6/6/2023,19:06,2,1,Greater Glider,N,N,feeding,,,,,
Coupe 735-507-0002,spatial/Fieldmaster/Coupe 735-507-0002/Media/6 June 2023 Photos,DJI_20230606190651_0003_Z(1).MP4,,6/6/2023,19:06,2,2,Greater Glider,N,N,idle_looking_away,,,,,
Coupe 735-507-0002,spatial/Fieldmaster/Coupe 735-507-0002/Media/6 June 2023 Photos,DJI_20230606211857_0003_Z.MP4,,6/6/2023,21:18,2,1,Koala,N,N,idle_looking_away,,,,,
Coupe 735-507-0002,spatial/Fieldmaster/Coupe 735-507-0002/Media/6 June 2023 Photos,DJI_20230606211857_0003_Z.MP4,,6/6/2023,21:18,2,2,Greater Glider,N,N,idle_looking_away,,,,,
Coupe 735-507-0002,spatial/Fieldmaster/Coupe 735-507-0002/Media/6 June 2023 Photos/DJI_202306061758_002,DJI_20230606183425_0001_S.MP4,,6/6/2023,18:34,1,1,Lyrebird,N,N,idle_looking_away,,,,,
Coupe 735-507-0002,spatial/Fieldmaster/Coupe 735-507-0002/Media/6 June 2023 Photos/DJI_202306061758_002,DJI_20230606184944_0002_S.MP4,,6/6/2023,18:49,1,1,Feathertail Possum,N,N,moving,,,,,
Coupe 735-507-0002,spatial/Fieldmaster/Coupe 735-507-0002/Media/6 June 2023 Photos/DJI_202306062024_003,DJI_20230606222352_0007_S.MP4,,6/6/2023,22:35,1,1,Koala,N,N,idle_looking_away,,,,,
Coupe 735-508-0014,spatial/Fieldmaster/Coupe 735-508-0014/Media Coupe 735-508-0014 Mt Alfred,DJI_20230607180910_0003_S.MP4,,7/6/2023,18:09,1,1,Koala,N,N,idle_looking_away,,,,,
Coupe 735-508-0014,spatial/Fieldmaster/Coupe 735-508-0014/Media Coupe 735-508-0014 Mt Alfred,DJI_20230607201003_0003_S.MP4,,7/6/2023,20:10,3,1,Sugar Glider,N,N,moving,,,,,
Coupe 735-508-0014,spatial/Fieldmaster/Coupe 735-508-0014/Media Coupe 735-508-0014 Mt Alfred,DJI_20230607201003_0003_S.MP4,,7/6/2023,20:10,3,2,Sugar Glider,Y,Y,idle_looking_away,idle_looking_at_camera,,,,
Coupe 735-508-0014,spatial/Fieldmaster/Coupe 735-508-0014/Media Coupe 735-508-0014 Mt Alfred,DJI_20230607201003_0003_S.MP4,,7/6/2023,20:10,3,3,Sugar Glider,Y,Y,idle_looking_away,moving,,,,
Coupe 735-508-0014,spatial/Fieldmaster/Coupe 735-508-0014/Media Coupe 735-508-0014 Mt Alfred,DJI_20230607205403_0001_S.MP4,,7/6/2023,20:54,1,1,Brushtail Possum,N,N,feeding,,,,,
Coupe 735-508-0014,spatial/Fieldmaster/Coupe 735-508-0014/Media Coupe 735-508-0014 Mt Alfred,DJI_20230607212302_0002_S.MP4,,7/6/2023,23:02,1,1,Brushtail Possum,N,N,moving,,,,,
Coupe 835-507-0003,spatial/Fieldmaster/Coupe 835-507-0003/Media,DJI_20230823191859_0001_S.MP4,,23/8/2023,19:18,1,1,Brushtail Possum,N,N,feeding,,,,,
Coupe 835-507-0003,spatial/Fieldmaster/Coupe 835-507-0003/Media,DJI_20230824201053_0001_S.MP4,,24/8/2023,20:10,1,1,Brushtail Possum,N,N,idle_looking_away,,,,,
Coupe 835-507-0003,spatial/Fieldmaster/Coupe 835-507-0003/Media,DJI_20230824201303_0002_S.MP4,,24/8/2023,20:13,1,1,Brushtail Possum,N,N,idle_looking_away,,,,,
Coupe 835-507-0003,spatial/Fieldmaster/Coupe 835-507-0003/Media,DJI_20230824203721_0003_S.MP4,,24/8/2023,20:37,3,1,Yellow Bellie Glider,N,N,moving,,,,,
Coupe 835-507-0003,spatial/Fieldmaster/Coupe 835-507-0003/Media,DJI_20230824203721_0003_S.MP4,,24/8/2023,20:37,3,2,Yellow Bellie Glider,N,N,moving,,,,,
Coupe 835-507-0003,spatial/Fieldmaster/Coupe 835-507-0003/Media,DJI_20230824203721_0003_S.MP4,,24/8/2023,20:37,3,3,Yellow Bellie Glider,Y,Y,feeding,idle_looking_at_camera,,5,,a lot going on here
Coupe 864-504-0012,spatial/Fieldmaster/Coupe 864-504-0012/Media,DJI_20230726193655_0001_Z.MP4,,26/7/2023,19:36,1,1,Yellow Bellie Glider,N,N,moving,,,,,
Coupe 864-504-0012,spatial/Fieldmaster/Coupe 864-504-0012/Media,DJI_20230726202513_0003_Z.MP4,,26/7/2023,20:25,1,1,Yellow Bellie Glider,N,N,moving,,,,,
Coupe 864-504-0012,spatial/Fieldmaster/Coupe 864-504-0012/Media,DJI_20230726202748_0005_Z.MP4,,26/7/2023,20:27,1,1,Brushtail Possum,N,N,idle_looking_away,,,,,
Coupe 866-508-0018,spatial/Fieldmaster/Coupe 866-508-0018/Media,DJI_20230621191752_0004_S.MP4,,21/6/2023,19:17,1,1,Brushtail Possum,N,N,idle_looking_away,,,,,
Coupe 866-508-0018,spatial/Fieldmaster/Coupe 866-508-0018/Media,DJI_20230621202108_0005_S.MP4,,21/6/2023,20:21,2,1,Brushtail Possum,N,N,feeding,,,,,
Coupe 866-508-0018,spatial/Fieldmaster/Coupe 866-508-0018/Media,DJI_20230621202108_0005_S.MP4,,21/6/2023,20:21,2,2,Brushtail Possum,N,N,idle_looking_away,,,,,
Coupe 866-508-0018,spatial/Fieldmaster/Coupe 866-508-0018/Media,DJI_20230627180606_0002_S.MP4,,27/6/2023,18:23,1,1,Feathertail Possum,N,N,moving,,,,,
Coupe 866-508-0018,spatial/Fieldmaster/Coupe 866-508-0018/Media,DJI_20230627194934_0005_S.MP4,,27/6/2023,19:49,1,1,Brushtail Possum,N,N,idle_looking_away,,,,,
Coupe 866-508-0018,spatial/Fieldmaster/Coupe 866-508-0018/Media,DJI_20230627204345_0002_S.MP4,,27/6/2023,20:43,1,1,Brushtail Possum,N,N,idle_looking_away,,,,,
Coupe 866-508-0018,spatial/Fieldmaster/Coupe 866-508-0018/Media,DJI_20230627204729_0003_S.MP4,,27/6/2023,20:47,1,1,Brushtail Possum,Y,Y,idle_looking_at_camera,idle_looking_away,,,,
Coupe 866-508-0032,spatial/Fieldmaster/Coupe 866-508-0032/Media,DJI_20230622180838_0002_S.MP4,,22/6/2023,18:08,1,1,Yellow Bellie Glider,N,N,moving,,,,,
Coupe 866-508-0032,spatial/Fieldmaster/Coupe 866-508-0032/Media,DJI_20230622181327_0004_S.MP4,,22/6/2023,18:13,1,1,Yellow Bellie Glider,N,N,feeding,,,,,
Coupe 866-508-0032,spatial/Fieldmaster/Coupe 866-508-0032/Media,DJI_20230622183943_0001_S.MP4,,22/6/2023,18:38,1,1,Yellow Bellie Glider,Y,Y,feeding,idle_looking_at_camera,,,,
Coupe 874-510-0007,spatial/Fieldmaster/Coupe 874-510-0007/Media,DJI_20230613184430_0004_S.MP4,,13/6/2023,18:44,1,1,Unknown,N,N,idle_looking_away,,,,,
Coupe 874-510-0007,spatial/Fieldmaster/Coupe 874-510-0007/Media,DJI_20230614202548_0001_S.MP4,,14/6/2023,20:25,1,1,Ringtail Possum,Y,Y,idle_looking_away,idle_looking_at_camera,moving,,,
YellowControl-Report,spatial/Fieldmaster/YellowControl-Report/Media,DJI_20231219220638_0005_Z.MP4,,19/12/2023,22:06,1,1,Ringtail Possum,Y,N,feeding,,,,,